<?xml version="1.0" encoding="UTF-8"?>
<project-private xmlns="http://www.netbeans.org/ns/project-private/1">
    <editor-bookmarks xmlns="http://www.netbeans.org/ns/editor-bookmarks/2" lastBookmarkId="0"/>
    <open-files xmlns="http://www.netbeans.org/ns/projectui-open-files/2">
        <group>
            <file>file:/C:/Users/andre_000/Documents/NetBeansProjects/Stratego/src/Model/Player.java</file>
            <file>file:/C:/Users/andre_000/Documents/NetBeansProjects/Stratego/test/Controller/ControllerTest.java</file>
            <file>file:/C:/Users/andre_000/Documents/NetBeansProjects/Stratego/src/Model/Board.java</file>
            <file>file:/C:/Users/andre_000/Documents/NetBeansProjects/Stratego/src/Controller/Controller.java</file>
            <file>file:/C:/Users/andre_000/Documents/NetBeansProjects/Stratego/src/View/GraphicUI.java</file>
        </group>
    </open-files>
</project-private>
